,0,1,2
0,9893.189505292457,-0.010738501343403163,"1.00,0.00,0.00,0.00,0.00,0.00,0.00"
1,9895.425796502343,0.0002260179588414459,"0.00,1.00,0.00,0.00,0.00,0.00,0.00"
2,9737.806910063848,-0.016056680545885688,"0.00,1.00,0.00,0.00,0.00,0.00,0.00"
3,9563.97836088335,-0.01801214202932769,"0.00,1.00,0.00,0.00,0.00,0.00,0.00"
4,9586.33659089722,0.0023350258446296255,"0.00,1.00,0.00,0.00,0.00,0.00,0.00"
5,9586.33754953088,9.999999505838704e-08,"0.00,1.00,0.00,0.00,0.00,0.00,0.00"
6,9586.338508164634,9.999999505838704e-08,"0.00,1.00,0.00,0.00,0.00,0.00,0.00"
7,9387.917290472842,-0.020915545061768487,"0.00,1.00,0.00,0.00,0.00,0.00,0.00"
8,9332.582954328727,-0.005911647292593291,"0.00,1.00,0.00,0.00,0.00,0.00,0.00"
9,9358.29457512404,0.0027512498515068927,"0.00,1.00,0.00,0.00,0.00,0.00,0.00"
10,9377.858779926353,0.002088391522223992,"0.00,1.00,0.00,0.00,0.00,0.00,0.00"
11,8970.952983191644,-0.044359550312258,"0.00,1.00,0.00,0.00,0.00,0.00,0.00"
12,8970.953880286943,9.999999505838704e-08,"0.00,1.00,0.00,0.00,0.00,0.00,0.00"
13,8970.946499234691,-8.227726267776045e-07,"0.00,1.00,0.00,0.00,0.00,0.00,0.00"
14,8746.80541365149,-0.025302650690151942,"0.00,1.00,0.00,0.00,0.00,0.00,0.00"
15,9112.350363259033,0.040942138035199444,"0.00,1.00,0.00,0.00,0.00,0.00,0.00"
16,8917.44617421863,-0.021621073897842936,"0.00,1.00,0.00,0.00,0.00,0.00,0.00"
17,8671.918133458043,-0.02791959793786668,"0.00,1.00,0.00,0.00,0.00,0.00,0.00"
18,8742.344138280587,0.008088357424646938,"0.00,1.00,0.00,0.00,0.00,0.00,0.00"
19,8741.212104804486,-0.0001294969355138162,"0.00,1.00,0.00,0.00,0.00,0.00,0.00"
20,8740.375891468191,-9.566789208300967e-05,"0.00,0.97,0.01,0.02,0.00,0.00,0.00"
21,9092.715902862601,0.03952044583682089,"0.00,0.99,0.00,0.01,0.00,0.00,0.00"
22,9176.42293035808,0.009163826936636822,"0.00,1.00,0.00,0.00,0.00,0.00,0.00"
23,9345.365506028971,0.018243082919098114,"0.00,0.98,0.00,0.02,0.00,0.00,0.00"
24,9657.502792917707,0.03285455214270382,"0.00,0.98,0.01,0.02,0.00,0.00,0.00"
25,9621.21279821546,-0.003764777523052154,"0.00,1.00,0.00,0.00,0.00,0.00,0.00"
26,9620.629143482476,-6.066516240300584e-05,"0.00,0.97,0.01,0.02,0.00,0.00,0.00"
27,9620.004516743968,-6.492787605224573e-05,"0.00,0.99,0.00,0.01,0.00,0.00,0.00"
28,9619.971952053827,-3.3851070652639606e-06,"0.00,1.00,0.00,0.00,0.00,0.00,0.00"
29,9577.09566366858,-0.0044669696996410165,"0.00,1.00,0.00,0.00,0.00,0.00,0.00"
30,9527.919272121371,-0.005148020068966527,"0.00,0.89,0.04,0.06,0.00,0.00,0.00"
31,9608.05602388414,0.0083755564049749,"0.00,0.99,0.00,0.00,0.00,0.00,0.00"
32,9774.976920583613,0.017223829080215167,"0.00,1.00,0.00,0.00,0.00,0.00,0.00"
33,9772.535713005433,-0.00024977168570048313,"0.00,1.00,0.00,0.00,0.00,0.00,0.00"
34,9770.12070078714,-0.0002471529130381191,"0.00,0.95,0.02,0.03,0.00,0.00,0.00"
35,9963.050533900223,0.019554483002570646,"0.00,1.00,0.00,0.00,0.00,0.00,0.00"
36,9928.418575898262,-0.0034820950432023993,"0.00,1.00,0.00,0.00,0.00,0.00,0.00"
37,9913.04409622479,-0.0015497327999019202,"0.00,1.00,0.00,0.00,0.00,0.00,0.00"
38,9739.372598101814,-0.01767477476332485,"0.00,1.00,0.00,0.00,0.00,0.00,0.00"
39,9806.66683074497,0.006885742636053799,"0.00,1.00,0.00,0.00,0.00,0.00,0.00"
40,9802.388151956602,-0.0004363982721295113,"0.00,1.00,0.00,0.00,0.00,0.00,0.00"
41,9798.684796052616,-0.0003778727784826345,"0.00,0.91,0.03,0.05,0.00,0.00,0.00"
42,9833.075510232702,0.0035035828496916967,"0.00,0.99,0.00,0.01,0.00,0.00,0.00"
43,9824.670833013823,-0.0008551008426140983,"0.00,0.99,0.00,0.01,0.00,0.00,0.00"
44,9749.898781925807,-0.0076397505780228,"0.00,0.99,0.00,0.00,0.00,0.00,0.00"
45,9855.807352501524,0.010803956769859204,"0.00,0.89,0.04,0.06,0.00,0.00,0.00"
46,10015.897380866018,0.01611270839990598,"0.00,0.98,0.01,0.02,0.00,0.00,0.00"
47,10014.623926304064,-0.00012715141499713723,"0.00,0.97,0.01,0.02,0.00,0.00,0.00"
48,10014.576185899443,-4.767080497835389e-06,"0.00,0.99,0.00,0.01,0.00,0.00,0.00"
49,10107.64139832098,0.009250061591299255,"0.00,0.99,0.00,0.00,0.00,0.00,0.00"
50,10008.891298285705,-0.009817884099660614,"0.00,0.98,0.01,0.01,0.00,0.00,0.00"
51,9917.948850971803,-0.009127696918983819,"0.00,0.99,0.00,0.00,0.00,0.00,0.00"
52,9927.250154483185,0.0009373858322012766,"0.00,0.95,0.01,0.03,0.00,0.00,0.00"
53,9893.099609247985,-0.0034460117442008946,"0.00,1.00,0.00,0.00,0.00,0.00,0.00"
54,9892.720810238401,-3.828994720450274e-05,"0.00,1.00,0.00,0.00,0.00,0.00,0.00"
55,9888.391866571254,-0.00043768455364285956,"0.00,0.99,0.00,0.01,0.00,0.00,0.00"
56,9731.854050893075,-0.01595710246580053,"0.00,0.90,0.03,0.05,0.01,0.00,0.01"
57,9750.179545947778,0.001881271826001635,"0.00,1.00,0.00,0.00,0.00,0.00,0.00"
58,9548.729425671796,-0.02087759860003464,"0.00,0.90,0.03,0.05,0.00,0.00,0.00"
59,9411.860934203098,-0.014437405824747987,"0.00,0.93,0.02,0.04,0.00,0.00,0.00"
60,9191.295495935,-0.023713800950249744,"0.00,0.93,0.02,0.04,0.00,0.00,0.00"
61,9186.0432250997,-0.0005716030006341828,"0.00,0.99,0.00,0.01,0.00,0.00,0.00"
62,9183.980246665946,-0.00022460270076377352,"0.00,0.87,0.04,0.07,0.00,0.00,0.01"
63,9581.481338558742,0.04237151953831988,"0.00,0.92,0.03,0.05,0.00,0.00,0.00"
64,9368.523148775012,-0.02247673930188105,"0.00,0.90,0.03,0.06,0.00,0.00,0.00"
65,9240.622006173759,-0.013746268895815577,"0.00,0.88,0.04,0.06,0.00,0.00,0.00"
66,9311.135707126783,0.007601871651792955,"0.00,0.95,0.02,0.03,0.00,0.00,0.00"
67,9308.077607510715,-0.00032848859851260264,"0.00,0.95,0.02,0.03,0.00,0.00,0.00"
68,9306.025886351395,-0.00022044802408077518,"0.00,0.89,0.04,0.06,0.00,0.00,0.00"
69,9304.29000638313,-0.00018655029643833594,"0.00,0.93,0.02,0.04,0.00,0.00,0.00"
70,9236.124597624252,-0.007353202973522745,"0.00,0.97,0.01,0.02,0.00,0.00,0.00"
71,9322.735512701107,0.009333713745716066,"0.00,0.97,0.01,0.02,0.00,0.00,0.00"
72,9499.987656293475,0.01883440368976924,"0.00,0.94,0.02,0.03,0.00,0.00,0.00"
73,9563.13856639034,0.006625475839579266,"0.00,0.95,0.02,0.03,0.00,0.00,0.00"
74,9376.003945569617,-0.019762321457260906,"0.00,0.98,0.00,0.01,0.00,0.00,0.00"
75,9374.241681997903,-0.0001879723190733019,"0.00,0.93,0.03,0.04,0.00,0.00,0.00"
76,9372.605139013069,-0.00017459394687720234,"0.00,0.96,0.01,0.02,0.00,0.00,0.00"
77,9465.559625679516,0.009868821327087923,"0.00,1.00,0.00,0.00,0.00,0.00,0.00"
78,9643.633411992425,0.01863803885588179,"0.00,1.00,0.00,0.00,0.00,0.00,0.00"
79,9598.521078358941,-0.004688915298867701,"0.00,1.00,0.00,0.00,0.00,0.00,0.00"
80,9693.14887472629,0.009810302117667561,"0.00,1.00,0.00,0.00,0.00,0.00,0.00"
81,9725.989442038754,0.0033822920548269514,"0.00,1.00,0.00,0.00,0.00,0.00,0.00"
82,9722.818334222131,-0.0003260979162532761,"0.00,1.00,0.00,0.00,0.00,0.00,0.00"
83,9719.648015045943,-0.00032612315200498243,"0.00,0.93,0.02,0.04,0.00,0.00,0.00"
84,9780.282735093377,0.006218987774775757,"0.00,1.00,0.00,0.00,0.00,0.00,0.00"
85,9914.899578501027,0.013670240532927492,"0.00,1.00,0.00,0.00,0.00,0.00,0.00"
86,9892.649374378767,-0.002246639756789507,"0.00,1.00,0.00,0.00,0.00,0.00,0.00"
87,9612.418930903357,-0.02873609284370933,"0.00,1.00,0.00,0.00,0.00,0.00,0.00"
88,9218.547693496033,-0.041838392893031665,"0.00,1.00,0.00,0.00,0.00,0.00,0.00"
89,9217.392743813813,-0.00012529327567078596,"0.00,1.00,0.00,0.00,0.00,0.00,0.00"
90,9216.181509438022,-0.0001314161172319631,"0.00,0.97,0.01,0.02,0.00,0.00,0.00"
91,9184.344945820063,-0.003460400490598478,"0.00,0.95,0.02,0.03,0.00,0.00,0.00"
92,9055.753053664503,-0.01410014602360521,"0.00,0.97,0.01,0.02,0.00,0.00,0.00"
93,9082.241980135606,0.0029208239668858,"0.00,0.96,0.01,0.02,0.00,0.00,0.00"
94,9128.237081202318,0.005051508938270203,"0.00,0.94,0.02,0.03,0.00,0.00,0.00"
95,9031.782516424273,-0.010622837854318203,"0.00,0.95,0.02,0.03,0.00,0.00,0.00"
96,9031.336253548909,-4.94114976641128e-05,"0.00,0.89,0.04,0.06,0.00,0.00,0.00"
97,9030.614062265216,-7.99682505433026e-05,"0.00,0.90,0.03,0.05,0.00,0.00,0.00"
98,9174.34374422145,0.015790497284592486,"0.00,0.92,0.03,0.04,0.00,0.00,0.00"
99,9375.604535869668,0.021700188736462254,"0.00,0.92,0.03,0.04,0.00,0.00,0.00"
100,9729.281534798602,0.03702899966231805,"0.00,0.88,0.05,0.07,0.00,0.00,0.00"
101,9752.057015149128,0.0023381854043007695,"0.00,0.88,0.04,0.06,0.00,0.00,0.00"
102,10081.085852692036,0.03318274165261908,"0.00,0.94,0.02,0.03,0.00,0.00,0.00"
103,10077.88006022161,-0.00031805128410831567,"0.00,0.88,0.04,0.06,0.00,0.00,0.00"
104,10075.213358894769,-0.00026464436867797294,"0.00,0.95,0.02,0.03,0.00,0.00,0.00"
105,10150.147380499326,0.00740994095858614,"0.00,1.00,0.00,0.00,0.00,0.00,0.00"
106,10195.591742875085,0.004467219172949849,"0.00,0.99,0.00,0.01,0.00,0.00,0.00"
107,10266.761467915281,0.00695619035507152,"0.00,0.99,0.00,0.01,0.00,0.00,0.00"
108,10413.507503841916,0.014192126727917868,"0.00,1.00,0.00,0.00,0.00,0.00,0.00"
109,10334.053995113256,-0.007659107036769912,"0.00,1.00,0.00,0.00,0.00,0.00,0.00"
110,10333.927019815479,-1.2287150611076797e-05,"0.00,1.00,0.00,0.00,0.00,0.00,0.00"
111,10333.800059581887,-1.2285843828548306e-05,"0.00,1.00,0.00,0.00,0.00,0.00,0.00"
112,10309.69095355635,-0.0023357596805058207,"0.00,1.00,0.00,0.00,0.00,0.00,0.00"
113,10215.993014262158,-0.00912988724646296,"0.00,1.00,0.00,0.00,0.00,0.00,0.00"
114,10311.338642353083,0.009289693893611839,"0.00,1.00,0.00,0.00,0.00,0.00,0.00"
115,10246.134197745005,-0.0063436458145764395,"0.00,1.00,0.00,0.00,0.00,0.00,0.00"
116,10208.874143153404,-0.0036431269233827145,"0.00,1.00,0.00,0.00,0.00,0.00,0.00"
117,10208.8751060793,9.432243341186723e-08,"0.00,1.00,0.00,0.00,0.00,0.00,0.00"
118,10208.868843531252,-6.134417262773766e-07,"0.00,1.00,0.00,0.00,0.00,0.00,0.00"
119,10281.192517319558,0.007059419966687208,"0.00,1.00,0.00,0.00,0.00,0.00,0.00"
120,10255.4387770519,-0.0025080796746797256,"0.00,1.00,0.00,0.00,0.00,0.00,0.00"
121,10321.193535246968,0.00639122875163015,"0.00,1.00,0.00,0.00,0.00,0.00,0.00"
122,10309.714809409496,-0.0011127699110652627,"0.00,1.00,0.00,0.00,0.00,0.00,0.00"
123,10333.371321935849,0.002291956031341014,"0.00,1.00,0.00,0.00,0.00,0.00,0.00"
124,10333.347146682469,-2.3395347854656264e-06,"0.00,1.00,0.00,0.00,0.00,0.00,0.00"
125,10333.332134945087,-1.4527478921762313e-06,"0.00,1.00,0.00,0.00,0.00,0.00,0.00"
126,10333.333168201143,9.999252814315928e-08,"0.00,1.00,0.00,0.00,0.00,0.00,0.00"
127,10296.072149977066,-0.003612421993699224,"0.00,1.00,0.00,0.00,0.00,0.00,0.00"
128,10274.15551473433,-0.00213090918517548,"0.00,1.00,0.00,0.00,0.00,0.00,0.00"
129,10239.625946814784,-0.0033664783448209405,"0.00,1.00,0.00,0.00,0.00,0.00,0.00"
130,10424.25225515723,0.01786994867561059,"0.00,1.00,0.00,0.00,0.00,0.00,0.00"
131,10423.952996190052,-2.8708367323802214e-05,"0.00,1.00,0.00,0.00,0.00,0.00,0.00"
132,10422.68030081733,-0.00012210080699077752,"0.00,0.99,0.00,0.00,0.00,0.00,0.00"
133,10507.053346381386,0.008062549102582488,"0.00,0.97,0.01,0.02,0.00,0.00,0.00"
134,10598.438225404994,0.00865987412019719,"0.00,0.98,0.01,0.01,0.00,0.00,0.00"
135,10621.101635700095,0.0021360895722508494,"0.00,0.95,0.02,0.03,0.00,0.00,0.00"
136,10591.023164614555,-0.002835971551941929,"0.00,0.94,0.02,0.03,0.00,0.00,0.00"
137,10491.992419362448,-0.009394431568794114,"0.00,0.99,0.00,0.01,0.00,0.00,0.00"
138,10490.601740575305,-0.0001325554675060523,"0.00,0.96,0.02,0.02,0.00,0.00,0.00"
139,10487.746021761406,-0.00027225393190061535,"0.00,0.93,0.02,0.04,0.00,0.00,0.00"
140,10462.007028498918,-0.002457213328626913,"0.00,0.99,0.00,0.01,0.00,0.00,0.00"
141,10510.811611165618,0.004654087902978566,"0.00,0.99,0.00,0.00,0.00,0.00,0.00"
142,10429.615177457366,-0.007755032068873917,"0.00,0.95,0.02,0.03,0.00,0.00,0.00"
143,10430.555102640676,9.011673167810198e-05,"0.00,0.94,0.02,0.03,0.00,0.00,0.00"
144,10322.352405552436,-0.010427808974073041,"0.00,0.97,0.01,0.02,0.00,0.00,0.00"
145,10318.836020963217,-0.00034071532613100014,"0.00,0.99,0.00,0.00,0.00,0.00,0.00"
146,10316.392375541694,-0.00023684210186499416,"0.00,0.93,0.03,0.04,0.00,0.00,0.00"
147,10307.974417925598,-0.0008163119059942728,"0.00,0.97,0.01,0.02,0.00,0.00,0.00"
148,10143.398616198909,-0.01609469976132567,"0.00,0.94,0.02,0.03,0.00,0.00,0.00"
149,10423.367009758207,0.027227002408695595,"0.00,0.94,0.02,0.04,0.00,0.00,0.00"
150,10282.779988036533,-0.013579463345381074,"0.00,0.92,0.03,0.04,0.00,0.00,0.00"
151,10249.5154219851,-0.00324022175708786,"0.00,0.94,0.02,0.04,0.00,0.00,0.00"
152,10249.516446936643,9.999999505838704e-08,"0.00,1.00,0.00,0.00,0.00,0.00,0.00"
153,10249.51747188826,9.999999239385205e-08,"0.00,1.00,0.00,0.00,0.00,0.00,0.00"
154,10097.094891779994,-0.014982880567716102,"0.00,1.00,0.00,0.00,0.00,0.00,0.00"
155,10222.359960767431,0.012329726049687517,"0.00,1.00,0.00,0.00,0.00,0.00,0.00"
156,10207.396418448832,-0.001464877477406973,"0.00,1.00,0.00,0.00,0.00,0.00,0.00"
157,10281.669105533225,0.007250014631299634,"0.00,1.00,0.00,0.00,0.00,0.00,0.00"
158,10260.053686524081,-0.0021045388652155585,"0.00,1.00,0.00,0.00,0.00,0.00,0.00"
159,10260.054712529049,9.999995597854048e-08,"0.00,1.00,0.00,0.00,0.00,0.00,0.00"
160,10260.05573853412,9.999995597854048e-08,"0.00,1.00,0.00,0.00,0.00,0.00,0.00"
161,10374.790555595031,0.011120606166934752,"0.00,1.00,0.00,0.00,0.00,0.00,0.00"
162,10196.451238842481,-0.017339136508207863,"0.00,1.00,0.00,0.00,0.00,0.00,0.00"
163,10194.575621717227,-0.0001839649511885865,"0.00,0.97,0.01,0.02,0.00,0.00,0.00"
164,10273.744606551521,0.007735796465671949,"0.00,0.94,0.02,0.04,0.00,0.00,0.00"
165,10416.159184676324,0.013766794549712412,"0.00,1.00,0.00,0.00,0.00,0.00,0.00"
166,10414.104312859223,-0.0001972967671781745,"0.00,1.00,0.00,0.00,0.00,0.00,0.00"
167,10412.698059771756,-0.00013504263059150923,"0.00,0.96,0.02,0.02,0.00,0.00,0.00"
168,10557.1434813486,0.013776709366545993,"0.00,0.99,0.00,0.01,0.00,0.00,0.00"
169,10545.509528754095,-0.0011026057972511767,"0.00,1.00,0.00,0.00,0.00,0.00,0.00"
170,10408.672192851041,-0.01306080885545409,"0.00,0.99,0.00,0.00,0.00,0.00,0.00"
171,10582.866749138848,0.01659702563067647,"0.00,1.00,0.00,0.00,0.00,0.00,0.00"
172,10598.985453261885,0.0015219355777117444,"0.00,1.00,0.00,0.00,0.00,0.00,0.00"
173,10597.828709300025,-0.00010914319049415816,"0.00,0.99,0.00,0.00,0.00,0.00,0.00"
174,10597.554715510922,-2.5854100737691596e-05,"0.00,0.97,0.01,0.02,0.00,0.00,0.00"
175,10573.209376970093,-0.002299902749452742,"0.00,0.98,0.01,0.01,0.00,0.00,0.00"
176,10601.59047334258,0.0026806499771791933,"0.00,0.99,0.00,0.01,0.00,0.00,0.00"
177,10544.019954351208,-0.005445164275056099,"0.00,0.98,0.01,0.01,0.00,0.00,0.00"
178,10624.21708763844,0.007577155983867897,"0.00,0.99,0.00,0.01,0.00,0.00,0.00"
179,10604.523548616202,-0.001855366270573703,"0.00,0.98,0.01,0.01,0.00,0.00,0.00"
180,10604.158210114429,-3.445178780710801e-05,"0.00,0.98,0.01,0.01,0.00,0.00,0.00"
181,10603.344508805698,-7.67371170396453e-05,"0.00,0.98,0.01,0.01,0.00,0.00,0.00"
182,10617.62845422199,0.0013462104304444496,"0.00,0.99,0.00,0.01,0.00,0.00,0.00"
183,10694.027373292098,0.00716971472895598,"0.00,0.97,0.01,0.02,0.00,0.00,0.00"
184,10797.919403188342,0.009668071508061196,"0.00,0.97,0.01,0.02,0.00,0.00,0.00"
185,10762.652589933909,-0.003271420138422544,"0.00,0.97,0.01,0.02,0.00,0.00,0.00"
186,10622.463539984636,-0.013111086917366684,"0.00,1.00,0.00,0.00,0.00,0.00,0.00"
187,10621.062777562807,-0.00013187663883287506,"0.00,0.94,0.02,0.04,0.00,0.00,0.00"
188,10619.079965388115,-0.0001867042236436271,"0.00,0.96,0.01,0.02,0.00,0.00,0.00"
189,10559.50954590982,-0.005625547116575751,"0.00,1.00,0.00,0.00,0.00,0.00,0.00"
190,10555.572269691647,-0.00037293497588020906,"0.00,1.00,0.00,0.00,0.00,0.00,0.00"
191,11174.783138735824,0.05700583667411516,"0.00,0.95,0.02,0.03,0.00,0.00,0.00"
192,11501.412351903004,0.028810106655581702,"0.00,1.00,0.00,0.00,0.00,0.00,0.00"
193,11534.6830240516,0.0028885707182030582,"0.00,1.00,0.00,0.00,0.00,0.00,0.00"
194,11530.6980503772,-0.00034553721017576994,"0.00,1.00,0.00,0.00,0.00,0.00,0.00"
195,11526.717391524651,-0.00034528231510814973,"0.00,0.93,0.02,0.04,0.00,0.00,0.00"
196,11586.091890439451,0.005137811574524722,"0.00,1.00,0.00,0.00,0.00,0.00,0.00"
197,11477.428033755114,-0.009423076885222944,"0.00,1.00,0.00,0.00,0.00,0.00,0.00"
198,11484.87835902706,0.0006489178748811439,"0.00,1.00,0.00,0.00,0.00,0.00,0.00"
199,11576.046017263683,0.00790671975704678,"0.00,1.00,0.00,0.00,0.00,0.00,0.00"
200,11500.912274579026,-0.006511604104235133,"0.00,1.00,0.00,0.00,0.00,0.00,0.00"
201,11499.935240612676,-8.49563448732126e-05,"0.00,1.00,0.00,0.00,0.00,0.00,0.00"
202,11499.912127958894,-2.0098093183627697e-06,"0.00,0.98,0.01,0.01,0.00,0.00,0.00"
203,11570.89856682854,0.00615380740851399,"0.00,0.98,0.01,0.01,0.00,0.00,0.00"
204,11622.617739569554,0.004459803143396081,"0.00,0.96,0.01,0.02,0.00,0.00,0.00"
205,11613.54493108863,-0.0007809214516697065,"0.00,0.97,0.01,0.02,0.00,0.00,0.00"
206,11774.36630062918,0.013752737704743603,"0.00,0.96,0.01,0.02,0.00,0.00,0.00"
207,12004.72582455878,0.019375569877053304,"0.00,0.96,0.01,0.02,0.00,0.00,0.00"
208,12004.534176459632,-1.596451528642419e-05,"0.00,0.99,0.00,0.01,0.00,0.00,0.00"
209,12003.256191213655,-0.00010646421245878402,"0.00,0.99,0.00,0.01,0.00,0.00,0.00"
210,11885.89577081171,-0.009825494413104117,"0.00,0.97,0.01,0.02,0.00,0.00,0.00"
211,11865.245622415938,-0.00173887673499077,"0.00,0.99,0.00,0.00,0.00,0.00,0.00"
212,11869.727119074141,0.0003776281321465747,"0.00,0.98,0.00,0.01,0.00,0.00,0.00"
213,11881.41467982533,0.000984168407019337,"0.00,0.99,0.00,0.00,0.00,0.00,0.00"
214,11917.009505425558,0.0029913621058064335,"0.00,0.98,0.01,0.02,0.00,0.00,0.00"
215,11916.930462731369,-6.632784532962934e-06,"0.00,1.00,0.00,0.00,0.00,0.00,0.00"
216,11916.828840760369,-8.527565434125114e-06,"0.00,1.00,0.00,0.00,0.00,0.00,0.00"
217,12014.345599007493,0.008149812976606434,"0.00,1.00,0.00,0.00,0.00,0.00,0.00"
218,12111.315706915626,0.008038795611033035,"0.00,1.00,0.00,0.00,0.00,0.00,0.00"
219,12291.830592307182,0.014794664244441647,"0.00,1.00,0.00,0.00,0.00,0.00,0.00"
220,12404.126129103703,0.00909430738203748,"0.00,1.00,0.00,0.00,0.00,0.00,0.00"
221,12548.226514278724,0.011550172380516045,"0.00,1.00,0.00,0.00,0.00,0.00,0.00"
222,12546.459753467829,-0.0001408075633991523,"0.00,1.00,0.00,0.00,0.00,0.00,0.00"
223,12544.668107486616,-0.0001428111158801979,"0.00,0.97,0.01,0.02,0.00,0.00,0.00"
224,12544.581101368396,-6.93572912404461e-06,"0.00,1.00,0.00,0.00,0.00,0.00,0.00"
225,12585.109272774946,0.0032255237482894175,"0.00,1.00,0.00,0.00,0.00,0.00,0.00"
226,12495.313269035649,-0.007160675804579757,"0.00,0.96,0.01,0.02,0.00,0.00,0.00"
227,12287.160323419945,-0.016798794508612772,"0.00,0.97,0.01,0.02,0.00,0.00,0.00"
228,12187.802535881447,-0.008119181542681349,"0.00,1.00,0.00,0.00,0.00,0.00,0.00"
229,12184.840113705894,-0.00024309404874423888,"0.00,1.00,0.00,0.00,0.00,0.00,0.00"
230,12182.035153980185,-0.00023022728251241047,"0.00,0.95,0.02,0.03,0.00,0.00,0.00"
231,12018.04452673895,-0.013553107232605706,"0.00,1.00,0.00,0.00,0.00,0.00,0.00"
232,12321.7689014552,0.024958296553426008,"0.00,1.00,0.00,0.00,0.00,0.00,0.00"
233,12174.498784679145,-0.01202402692394832,"0.00,1.00,0.00,0.00,0.00,0.00,0.00"
234,12466.950805469854,0.02373770683683064,"0.00,0.99,0.00,0.01,0.00,0.00,0.00"
235,12326.070805247818,-0.011364610470084096,"0.00,1.00,0.00,0.00,0.00,0.00,0.00"
236,12325.885512592567,-1.50326937843139e-05,"0.00,0.99,0.00,0.01,0.00,0.00,0.00"
237,12324.370840216634,-0.0001228930325234867,"0.00,0.99,0.00,0.00,0.00,0.00,0.00"
238,12011.151307987357,-0.025743177234573544,"0.00,0.97,0.01,0.02,0.00,0.00,0.00"
239,12015.395958829055,0.00035333007599642617,"0.00,0.97,0.01,0.02,0.00,0.00,0.00"
240,12023.795172063772,0.0006987933604563648,"0.00,0.94,0.02,0.03,0.00,0.00,0.00"
241,12121.303089291814,0.00807687309917366,"0.00,0.94,0.02,0.03,0.00,0.00,0.00"
242,12008.551276091695,-0.009345488134280747,"0.00,0.95,0.02,0.03,0.00,0.00,0.00"
243,12007.860684989411,-5.750993142470403e-05,"0.00,0.95,0.02,0.03,0.00,0.00,0.00"
244,12005.499902312129,-0.00019662243244171596,"0.00,0.96,0.01,0.02,0.00,0.00,0.00"
245,12176.201889459702,0.014118511934701044,"0.00,1.00,0.00,0.00,0.00,0.00,0.00"
246,12252.10434716047,0.006214323762852177,"0.00,1.00,0.00,0.00,0.00,0.00,0.00"
247,12157.184289843963,-0.007777411065840462,"0.00,0.98,0.01,0.02,0.00,0.00,0.00"
248,12401.320432602042,0.019882658828390288,"0.00,0.98,0.01,0.01,0.00,0.00,0.00"
249,12444.629911054548,0.0034862439728304013,"0.00,0.99,0.00,0.01,0.00,0.00,0.00"
250,12442.613110431725,-0.00016207505391387054,"0.00,1.00,0.00,0.00,0.00,0.00,0.00"
251,12440.968069407929,-0.00013221899326334302,"0.00,0.96,0.01,0.02,0.00,0.00,0.00"
252,12524.844071820446,0.006719294170257365,"0.00,0.99,0.00,0.01,0.00,0.00,0.00"
253,12634.666953151009,0.008730183885005875,"0.00,0.98,0.00,0.01,0.00,0.00,0.00"
254,12778.935917594741,0.011353802526109562,"0.00,0.99,0.00,0.01,0.00,0.00,0.00"
255,12547.19146832397,-0.01830133079978142,"0.00,0.95,0.02,0.03,0.00,0.00,0.00"
256,12358.142244908375,-0.015181716226322436,"0.00,0.96,0.01,0.03,0.00,0.00,0.00"
257,12357.258568230167,-7.150818109450795e-05,"0.00,0.94,0.02,0.04,0.00,0.00,0.00"
258,12357.04472436111,-1.7305271892938747e-05,"0.00,0.95,0.02,0.03,0.00,0.00,0.00"
259,12323.55294379169,-0.0027140186455629984,"0.00,0.96,0.01,0.03,0.00,0.00,0.00"
260,12486.432188218136,0.013130325041199913,"0.00,0.96,0.01,0.02,0.00,0.00,0.00"
261,11913.114758588572,-0.047002756039250214,"0.00,0.96,0.01,0.02,0.00,0.00,0.00"
262,11815.842736734758,-0.008198638034468596,"0.00,0.97,0.01,0.02,0.00,0.00,0.00"
263,12199.948570526401,0.03199050040797909,"0.00,0.98,0.01,0.02,0.00,0.00,0.00"
264,12199.66317329623,-2.3393587830821713e-05,"0.00,0.95,0.02,0.03,0.00,0.00,0.00"
265,12198.586792325876,-8.823427684936259e-05,"0.00,0.95,0.02,0.03,0.00,0.00,0.00"
266,11950.492788451042,-0.020547593280462406,"0.00,0.97,0.01,0.02,0.00,0.00,0.00"
267,12207.249039187576,0.021257443767471674,"0.00,0.97,0.01,0.02,0.00,0.00,0.00"
268,12164.611997577485,-0.0034988780744463267,"0.00,0.95,0.02,0.03,0.00,0.00,0.00"
269,11883.247353978368,-0.0234014578709029,"0.00,0.94,0.02,0.03,0.00,0.00,0.00"
270,12049.733932414936,0.013912956518692433,"0.00,0.95,0.02,0.03,0.00,0.00,0.00"
271,12049.032142427734,-5.8242815023858355e-05,"0.00,0.96,0.02,0.02,0.00,0.00,0.00"
272,12048.059311642113,-8.074258986837336e-05,"0.00,0.94,0.02,0.03,0.00,0.00,0.00"
273,12134.839169799345,0.007176991684461142,"0.00,0.96,0.01,0.02,0.00,0.00,0.00"
274,12231.538959532772,0.007937190901779497,"0.00,0.96,0.01,0.02,0.00,0.00,0.00"
275,11813.31371035261,-0.034790600596865506,"0.00,0.96,0.02,0.03,0.00,0.00,0.00"
276,12075.419061523064,0.021944727844616187,"0.00,0.93,0.03,0.04,0.00,0.00,0.00"
277,11879.525765822664,-0.01635550938854372,"0.00,0.95,0.02,0.03,0.00,0.00,0.00"
278,11879.314671498512,-1.7769749724475893e-05,"0.00,0.91,0.04,0.05,0.00,0.00,0.00"
279,11877.637588571335,-0.00014118670708298685,"0.00,0.91,0.03,0.05,0.00,0.00,0.00"
280,11625.932882374422,-0.021419241779210226,"0.00,0.94,0.02,0.03,0.00,0.00,0.00"
281,11683.058404262072,0.004901596603496305,"0.00,0.93,0.03,0.04,0.00,0.00,0.00"
282,11974.461664128308,0.024636394504217823,"0.00,0.88,0.05,0.06,0.00,0.00,0.00"
283,12170.804151307693,0.016263794033723827,"0.00,0.92,0.03,0.05,0.00,0.00,0.00"
284,11438.323279172584,-0.06207057263751164,"0.00,0.93,0.03,0.04,0.00,0.00,0.00"
285,11437.743698570672,-5.067135033308627e-05,"0.00,0.89,0.04,0.06,0.00,0.00,0.00"
286,11435.355275591022,-0.00020884122357261715,"0.00,0.90,0.04,0.05,0.00,0.00,0.00"
287,11126.122073710076,-0.027414212605504442,"0.00,0.94,0.02,0.03,0.00,0.00,0.00"
288,11234.257716795006,0.009672151109128667,"0.00,0.94,0.02,0.03,0.00,0.00,0.00"
289,11572.569656932514,0.02966977844919318,"0.00,0.88,0.04,0.06,0.00,0.00,0.00"
290,11501.628958684667,-0.006148939163483951,"0.00,0.93,0.03,0.04,0.00,0.00,0.00"
291,11293.561075463356,-0.01825592693867137,"0.00,0.94,0.02,0.04,0.00,0.00,0.00"
292,11291.288031449252,-0.00020128928123608824,"0.00,0.93,0.02,0.04,0.00,0.00,0.00"
293,11290.883798038396,-3.5801110181147685e-05,"0.00,0.97,0.01,0.02,0.00,0.00,0.00"
294,10721.554530884274,-0.05173949925042229,"0.00,0.97,0.01,0.02,0.00,0.00,0.00"
295,10619.564625785513,-0.009558138054055617,"0.00,0.97,0.01,0.02,0.00,0.00,0.00"
296,10316.266123970703,-0.02897613439296374,"0.00,0.98,0.01,0.01,0.00,0.00,0.00"
297,10563.540316357112,0.02368659443101824,"0.00,0.97,0.01,0.02,0.00,0.00,0.00"
298,10667.875276015468,0.009828435516544762,"0.00,0.98,0.01,0.01,0.00,0.00,0.00"
299,10667.47018095621,-3.7974080159487066e-05,"0.00,0.96,0.01,0.03,0.00,0.00,0.00"
300,10665.76496091209,-0.00015986511529185912,"0.00,0.96,0.01,0.02,0.00,0.00,0.00"
301,10250.045760247333,-0.039756905655022524,"0.00,0.93,0.02,0.04,0.00,0.00,0.00"
302,9812.187836857536,-0.0436569001906643,"0.00,0.96,0.01,0.02,0.00,0.00,0.00"
303,9792.908445155646,-0.0019667741121260794,"0.00,0.91,0.03,0.05,0.00,0.00,0.00"
304,9792.616795681122,-2.9782144819612655e-05,"0.00,0.91,0.03,0.05,0.00,0.00,0.00"
305,9566.91161553874,-0.02331827535982219,"0.00,0.92,0.03,0.04,0.00,0.00,0.00"
306,9565.345000935618,-0.00016376684026632384,"0.00,0.94,0.02,0.04,0.00,0.00,0.00"
307,9565.090612881204,-2.6595113625692296e-05,"0.00,0.97,0.01,0.02,0.00,0.00,0.00"
308,9695.240747440504,0.01351504428262897,"0.00,0.96,0.01,0.02,0.00,0.00,0.00"
309,9667.553082032928,-0.0028598852544460115,"0.00,0.98,0.01,0.01,0.00,0.00,0.00"
310,10039.773736632265,0.03777934256194972,"0.00,0.98,0.01,0.01,0.00,0.00,0.00"
311,9962.583052323665,-0.007718197241829047,"0.00,0.99,0.00,0.00,0.00,0.00,0.00"
312,9905.572868051546,-0.005738865848217046,"0.00,0.99,0.00,0.01,0.00,0.00,0.00"
313,9904.836087665084,-7.438315770747845e-05,"0.00,0.97,0.01,0.02,0.00,0.00,0.00"
314,9904.729976080938,-1.0713165932590937e-05,"0.00,0.99,0.00,0.01,0.00,0.00,0.00"
315,10255.972763952155,0.034847826149950495,"0.00,0.99,0.00,0.01,0.00,0.00,0.00"
316,9802.99272303237,-0.045172525595061075,"0.00,0.98,0.01,0.01,0.00,0.00,0.00"
317,9801.607282400417,-0.0001413383220138327,"0.00,0.96,0.01,0.02,0.00,0.00,0.00"
318,9693.049841509552,-0.011137263128889446,"0.00,0.93,0.03,0.04,0.00,0.00,0.00"
319,9378.615473836842,-0.032976969452920224,"0.00,0.97,0.01,0.02,0.00,0.00,0.00"
320,9377.232181327756,-0.0001475051980616936,"0.00,0.92,0.03,0.04,0.00,0.00,0.00"
321,9376.74687818312,-5.1754685574203825e-05,"0.00,0.95,0.02,0.03,0.00,0.00,0.00"
322,9424.129446784107,0.0050404745077047225,"0.00,0.96,0.01,0.02,0.00,0.00,0.00"
323,9376.351640656803,-0.005082626211432796,"0.00,0.93,0.02,0.04,0.00,0.00,0.00"
324,9399.002005766935,0.002412777572655185,"0.00,0.97,0.01,0.02,0.00,0.00,0.00"
325,9497.670944812657,0.010443090804725474,"0.00,0.96,0.01,0.03,0.00,0.00,0.00"
326,9199.58968290806,-0.03188772146853801,"0.00,0.97,0.01,0.02,0.00,0.00,0.00"
327,9198.665831800947,-0.00010042812017158824,"0.00,0.96,0.01,0.02,0.00,0.00,0.00"
328,9197.24836842803,-0.00015410632603457677,"0.00,0.94,0.02,0.03,0.00,0.00,0.00"
329,9108.809420119402,-0.009662335538268707,"0.00,0.97,0.01,0.02,0.00,0.00,0.00"
330,9223.570112250613,0.01252016313857011,"0.00,0.97,0.01,0.02,0.00,0.00,0.00"
331,8942.624030907245,-0.030933114651052075,"0.00,0.95,0.02,0.03,0.00,0.00,0.00"
332,8713.869392867373,-0.02591312249176967,"0.00,0.92,0.03,0.04,0.00,0.00,0.00"
333,8343.477688268857,-0.043435820931800956,"0.00,0.96,0.02,0.02,0.00,0.00,0.00"
334,8342.45675895339,-0.00012237005005253293,"0.00,0.92,0.03,0.04,0.00,0.00,0.00"
335,8339.931011959825,-0.00030280401673297763,"0.00,0.89,0.04,0.05,0.00,0.00,0.00"
336,8163.987416545835,-0.02132224077718405,"0.00,0.95,0.02,0.02,0.00,0.00,0.00"
337,8163.596791529987,-4.784847665695806e-05,"0.00,0.90,0.04,0.05,0.00,0.00,0.00"
338,8702.560428042863,0.0639324293007317,"0.00,0.89,0.05,0.05,0.00,0.00,0.00"
339,8655.507171679179,-0.0054214988327431456,"0.00,0.90,0.04,0.04,0.00,0.00,0.00"
340,8666.948052784117,0.0013209308519199828,"0.00,0.91,0.04,0.04,0.00,0.00,0.00"
341,8666.005480487229,-0.0001087607251710059,"0.00,0.94,0.03,0.03,0.00,0.00,0.00"
342,8665.765208109782,-2.7726235452750902e-05,"0.00,0.91,0.04,0.04,0.00,0.00,0.00"
343,8746.736296327324,0.00930040658962367,"0.00,0.91,0.04,0.04,0.00,0.00,0.00"
344,8746.462253331343,-3.1331376617665353e-05,"0.00,0.98,0.01,0.01,0.00,0.00,0.00"
345,8761.537751872196,0.0017221272860617773,"0.00,0.97,0.01,0.01,0.00,0.00,0.00"
346,7893.055158459444,-0.10438815301622643,"0.00,0.98,0.01,0.01,0.00,0.00,0.00"
347,8228.758094590654,0.041651824518267835,"0.00,0.99,0.00,0.00,0.00,0.00,0.00"
348,8228.304975272942,-5.506685073785204e-05,"0.00,0.98,0.01,0.01,0.00,0.00,0.00"
349,8227.812032080774,-5.991002520167746e-05,"0.00,0.99,0.00,0.01,0.00,0.00,0.00"
350,8210.363131629385,-0.0021229737280634366,"0.00,0.98,0.01,0.01,0.00,0.00,0.00"
351,8365.947451696651,0.01877243893435163,"0.00,0.99,0.00,0.01,0.00,0.00,0.00"
352,8508.682733115606,0.016917548309719355,"0.00,0.99,0.00,0.00,0.00,0.00,0.00"
353,8536.260420199756,0.0032358818565439884,"0.00,0.99,0.00,0.01,0.00,0.00,0.00"
354,8453.95315642129,-0.009688860858923376,"0.00,0.99,0.00,0.01,0.00,0.00,0.00"
355,8453.661477590087,-3.4502659014403116e-05,"0.00,0.98,0.01,0.01,0.00,0.00,0.00"
356,8453.433389380765,-2.698136032598856e-05,"0.00,0.98,0.01,0.01,0.00,0.00,0.00"
357,8330.936223514545,-0.014596835472355386,"0.00,0.98,0.01,0.01,0.00,0.00,0.00"
358,8500.373250357023,0.020134232697158787,"0.00,0.97,0.01,0.01,0.00,0.00,0.00"
359,8599.10530613308,0.01154808933807608,"0.00,0.97,0.01,0.02,0.00,0.00,0.00"
360,8643.764238768044,0.0051800000432050426,"0.00,0.95,0.02,0.03,0.00,0.00,0.00"
361,8697.281800989595,0.006172376454005644,"0.00,0.96,0.02,0.02,0.00,0.00,0.00"
362,8697.128407174156,-1.763713901276295e-05,"0.00,0.93,0.03,0.03,0.00,0.00,0.00"
363,8696.502338729504,-7.198824145087334e-05,"0.00,0.94,0.03,0.03,0.00,0.00,0.00"
364,8696.404990189005,-1.1194050386119664e-05,"0.00,0.95,0.02,0.02,0.00,0.00,0.00"
365,8501.793052028035,-0.022632632195887195,"0.00,0.95,0.02,0.02,0.00,0.00,0.00"
366,8536.852270998417,0.00411526477418849,"0.00,0.94,0.03,0.03,0.00,0.00,0.00"
367,8466.838378154458,-0.008235187286510902,"0.00,0.96,0.01,0.02,0.00,0.00,0.00"
368,8743.3272757163,0.03213364634836319,"0.00,0.96,0.01,0.02,0.00,0.00,0.00"
369,8742.539351741829,-9.012123811667258e-05,"0.00,0.96,0.02,0.02,0.00,0.00,0.00"
370,8742.136990833791,-4.602440448139058e-05,"0.00,0.97,0.01,0.02,0.00,0.00,0.00"
371,8662.269731292465,-0.009177884824349631,"0.00,0.98,0.01,0.01,0.00,0.00,0.00"
372,8569.77863566098,-0.010734879785019398,"0.00,0.99,0.00,0.01,0.00,0.00,0.00"
373,9148.468716819933,0.06534460979777407,"0.00,0.99,0.00,0.01,0.00,0.00,0.00"
374,9216.672512479687,0.007427561636178024,"0.00,0.99,0.00,0.01,0.00,0.00,0.00"
375,9220.939240448302,0.00046282871143582126,"0.00,0.98,0.01,0.01,0.00,0.00,0.00"
376,9220.553076784787,-4.187987142562535e-05,"0.00,0.99,0.00,0.01,0.00,0.00,0.00"
377,9220.236067661708,-3.438129687695097e-05,"0.00,0.98,0.01,0.01,0.00,0.00,0.00"
378,9479.227201693122,0.027702153026756195,"0.00,0.98,0.00,0.01,0.00,0.00,0.00"
379,9640.808129924275,0.016902141878498617,"0.00,0.98,0.01,0.01,0.00,0.00,0.00"
380,9649.29583310976,0.0008800060123571241,"0.00,0.99,0.00,0.01,0.00,0.00,0.00"
381,9467.633552880623,-0.019005954874995776,"0.00,0.97,0.01,0.02,0.00,0.00,0.00"
382,9431.521743991314,-0.003821530885419309,"0.00,0.97,0.01,0.02,0.00,0.00,0.00"
383,9430.939076427012,-6.178065206170554e-05,"0.00,0.96,0.02,0.03,0.00,0.00,0.00"
384,9430.618660247323,-3.397557976840948e-05,"0.00,0.97,0.01,0.02,0.00,0.00,0.00"
385,9379.005396649141,-0.00548797711025178,"0.00,0.96,0.01,0.02,0.00,0.00,0.00"
386,9471.25159865114,0.009787340129602529,"0.00,0.94,0.02,0.03,0.00,0.00,0.00"
387,9437.027287224291,-0.003620038503588112,"0.00,0.94,0.02,0.03,0.00,0.00,0.00"
388,9471.118215681643,0.0036059554748216855,"0.00,0.97,0.01,0.02,0.00,0.00,0.00"
389,9446.33700587739,-0.002619932088006386,"0.00,0.98,0.01,0.01,0.00,0.00,0.00"
390,9446.246924734576,-9.536137898969782e-06,"0.00,0.98,0.01,0.01,0.00,0.00,0.00"
391,9445.915737194726,-3.506083933427039e-05,"0.00,0.99,0.00,0.01,0.00,0.00,0.00"
392,9445.505314659413,-4.345067893524853e-05,"0.00,0.99,0.00,0.01,0.00,0.00,0.00"
393,9474.15541315286,0.0030286082615286715,"0.00,0.98,0.01,0.01,0.00,0.00,0.00"
394,9533.856142776245,0.006281659263487504,"0.00,0.99,0.00,0.01,0.00,0.00,0.00"
395,9479.266013326624,-0.00574237929048159,"0.00,0.98,0.01,0.01,0.00,0.00,0.00"
396,9586.15860169761,0.011213357224161237,"0.00,0.99,0.00,0.00,0.00,0.00,0.00"
397,9585.856883806437,-3.147482239687265e-05,"0.00,0.98,0.00,0.01,0.00,0.00,0.00"
398,9583.931161065362,-0.00020091226288407134,"0.00,0.98,0.01,0.01,0.00,0.00,0.00"
399,9651.060001225289,0.0069798953511832264,"0.00,0.94,0.02,0.03,0.00,0.00,0.00"
400,9653.761867855914,0.0002799162475146259,"0.00,0.99,0.01,0.01,0.00,0.00,0.00"
401,9679.557086291248,0.002668474440761917,"0.00,0.98,0.01,0.01,0.00,0.00,0.00"
402,9581.737935078827,-0.010157156316318718,"0.00,0.95,0.02,0.03,0.00,0.00,0.00"
403,9683.340371187422,0.010547933053387795,"0.00,0.98,0.01,0.02,0.00,0.00,0.00"
404,9682.21221482213,-0.00011651166281552242,"0.00,0.98,0.01,0.02,0.00,0.00,0.00"
405,9681.11245505891,-0.00011359203888285225,"0.00,0.95,0.02,0.03,0.00,0.00,0.00"
406,9732.700428594693,0.005314576303880795,"0.00,0.98,0.01,0.02,0.00,0.00,0.00"
407,9715.006561711549,-0.0018196357826767238,"0.00,0.97,0.01,0.02,0.00,0.00,0.00"
408,9662.329098121854,-0.005437031621095307,"0.00,0.97,0.01,0.02,0.00,0.00,0.00"
409,9544.132326851479,-0.012308177003462826,"0.00,0.97,0.01,0.02,0.00,0.00,0.00"
410,9555.211685911803,0.0011601822864363545,"0.00,0.97,0.01,0.02,0.00,0.00,0.00"
411,9554.882394868122,-3.446252460314261e-05,"0.00,0.95,0.02,0.03,0.00,0.00,0.00"
412,9554.672508678103,-2.196662257051367e-05,"0.00,0.96,0.01,0.03,0.00,0.00,0.00"
413,9874.978208715786,0.032973801307902194,"0.00,0.96,0.01,0.02,0.00,0.00,0.00"
414,9974.52833318824,0.010030572692126583,"0.00,0.95,0.02,0.03,0.00,0.00,0.00"
415,10017.86238575249,0.004335061377830619,"0.00,0.94,0.02,0.03,0.00,0.00,0.00"
416,10115.113378550723,0.00966094136662937,"0.00,0.92,0.03,0.04,0.00,0.00,0.00"
417,10235.22222559167,0.011804251688187108,"0.00,0.94,0.02,0.03,0.00,0.00,0.00"
418,10233.869457917124,-0.00013217661999179872,"0.00,0.93,0.03,0.04,0.00,0.00,0.00"
419,10233.384827936521,-4.735661891179426e-05,"0.00,0.95,0.02,0.03,0.00,0.00,0.00"
420,10342.066583358557,0.010564314146098258,"0.00,0.96,0.01,0.02,0.00,0.00,0.00"
421,10259.450818881078,-0.008020400219206324,"0.00,0.97,0.01,0.02,0.00,0.00,0.00"
422,10349.246031466768,0.008714357971426298,"0.00,0.94,0.02,0.03,0.00,0.00,0.00"
423,10713.757950452255,0.03461503545338122,"0.00,0.96,0.02,0.03,0.00,0.00,0.00"
424,10500.308314246995,-0.02012408531599033,"0.00,0.96,0.02,0.03,0.00,0.00,0.00"
425,10498.702452965417,-0.0001529463747134957,"0.00,0.95,0.02,0.03,0.00,0.00,0.00"
426,10496.61135198711,-0.0001991969260043606,"0.00,0.92,0.03,0.05,0.00,0.00,0.00"
427,10366.325531520883,-0.012489853644898288,"0.00,0.96,0.01,0.02,0.00,0.00,0.00"
428,10261.013833497675,-0.010210974006504172,"0.00,0.95,0.02,0.03,0.00,0.00,0.00"
429,10355.668490249802,0.009182400964793216,"0.00,0.96,0.02,0.03,0.00,0.00,0.00"
430,10365.078018510092,0.0009082229641788582,"0.00,0.96,0.01,0.02,0.00,0.00,0.00"
431,10430.71730335632,0.006312766769712501,"0.00,0.96,0.01,0.02,0.00,0.00,0.00"
432,10430.588862896871,-1.231375048394239e-05,"0.00,0.97,0.01,0.02,0.00,0.00,0.00"
433,10430.266708181876,-3.0886050087723074e-05,"0.00,0.97,0.01,0.02,0.00,0.00,0.00"
434,10500.913846338439,0.00675044642094358,"0.00,0.98,0.01,0.02,0.00,0.00,0.00"
435,10653.710761465045,0.014445973414024529,"0.00,0.98,0.01,0.01,0.00,0.00,0.00"
436,10727.800037620429,0.006930246733572313,"0.00,0.99,0.00,0.01,0.00,0.00,0.00"
437,10744.183239976439,0.0015260076652908912,"0.00,0.98,0.01,0.01,0.00,0.00,0.00"
438,10812.414286904426,0.00633043083003694,"0.00,0.99,0.00,0.01,0.00,0.00,0.00"
439,10812.026243647293,-3.588932223492861e-05,"0.00,0.98,0.01,0.01,0.00,0.00,0.00"
440,10811.939582848834,-8.015254847823927e-06,"0.00,0.99,0.00,0.01,0.00,0.00,0.00"
441,10981.354471572515,0.01554774611333497,"0.00,0.99,0.00,0.01,0.00,0.00,0.00"
442,10948.40345617766,-0.003005143996709347,"0.00,0.99,0.00,0.01,0.00,0.00,0.00"
443,11009.341792809391,0.005550523734678699,"0.00,0.99,0.00,0.01,0.00,0.00,0.00"
444,10918.684936145564,-0.008268630306149424,"0.00,0.99,0.00,0.01,0.00,0.00,0.00"
445,10919.142839947139,4.193675363104146e-05,"0.00,0.99,0.00,0.01,0.00,0.00,0.00"
446,10918.570497248631,-5.241782322186101e-05,"0.00,0.98,0.01,0.01,0.00,0.00,0.00"
447,10918.532974768463,-3.436580333730036e-06,"0.00,0.99,0.00,0.01,0.00,0.00,0.00"
448,10936.059336901622,0.0016039069171782275,"0.00,0.99,0.00,0.01,0.00,0.00,0.00"
449,10940.072363923055,0.0003668863509626226,"0.00,0.99,0.00,0.01,0.00,0.00,0.00"
450,11148.683833118597,0.01888903747571234,"0.00,0.99,0.00,0.01,0.00,0.00,0.00"
451,11189.234557786773,0.003630666788430221,"0.00,0.99,0.00,0.01,0.00,0.00,0.00"
452,11189.141854207819,-8.28510319499848e-06,"0.00,0.99,0.00,0.01,0.00,0.00,0.00"
453,11189.015923570247,-1.1254781454728156e-05,"0.00,0.99,0.00,0.01,0.00,0.00,0.00"
454,11188.927865948155,-7.870036936351166e-06,"0.00,0.99,0.00,0.01,0.00,0.00,0.00"
455,11224.5327950261,0.0031771050054400095,"0.00,0.99,0.00,0.01,0.00,0.00,0.00"
456,11384.166578518032,0.014121682430154452,"0.00,0.99,0.00,0.01,0.00,0.00,0.00"
457,11364.79022349945,-0.0017034943512257246,"0.00,0.99,0.00,0.01,0.00,0.00,0.00"
458,11262.772339323898,-0.009017195302936038,"0.00,0.99,0.00,0.01,0.00,0.00,0.00"
459,11207.893345600045,-0.0048845106419117676,"0.00,0.99,0.00,0.01,0.00,0.00,0.00"
460,11207.543521303032,-3.1212802062952626e-05,"0.00,0.98,0.01,0.01,0.00,0.00,0.00"
461,11207.529604811853,-1.2417083006060971e-06,"0.00,0.99,0.00,0.01,0.00,0.00,0.00"
462,11227.595266222554,0.0017887724607194753,"0.00,0.99,0.00,0.01,0.00,0.00,0.00"
463,11012.329836677778,-0.019359071713696954,"0.00,0.98,0.01,0.01,0.00,0.00,0.00"
464,11523.589197260917,0.045380629695644645,"0.00,0.97,0.01,0.02,0.00,0.00,0.00"
465,11451.256602874399,-0.006296698050114886,"0.00,0.95,0.02,0.03,0.00,0.00,0.00"
466,11587.987359736953,0.01186951814581995,"0.00,0.97,0.01,0.02,0.00,0.00,0.00"
467,11586.74283150292,-0.00010740390286840236,"0.00,0.96,0.01,0.03,0.00,0.00,0.00"
468,11586.645348028798,-8.413398452326849e-06,"0.00,0.98,0.01,0.01,0.00,0.00,0.00"
469,11409.405448525855,-0.015415117211973188,"0.00,0.98,0.01,0.01,0.00,0.00,0.00"
470,11111.769013581697,-0.026433236465636504,"0.00,0.98,0.00,0.01,0.00,0.00,0.00"
471,11117.416759358493,0.0005081379008666361,"0.00,0.98,0.01,0.01,0.00,0.00,0.00"
472,10995.128552615455,-0.01106064016788932,"0.00,0.98,0.00,0.01,0.00,0.00,0.00"
473,10802.498303014352,-0.01767488412228485,"0.00,0.98,0.00,0.01,0.00,0.00,0.00"
474,10802.270615401254,-2.107753283230077e-05,"0.00,0.98,0.00,0.01,0.00,0.00,0.00"
475,10802.10683761305,-1.516153738414446e-05,"0.00,0.98,0.01,0.01,0.00,0.00,0.00"
476,10183.053244593551,-0.05901630071311436,"0.00,0.98,0.00,0.01,0.00,0.00,0.00"
477,10339.9330388552,0.01528850117787716,"0.00,0.98,0.01,0.02,0.00,0.00,0.00"
478,10460.89858899113,0.011630968989743033,"0.00,0.98,0.01,0.02,0.00,0.00,0.00"
479,10412.348350975924,-0.004651918861352226,"0.00,0.97,0.01,0.02,0.00,0.00,0.00"
480,10350.494035548594,-0.005958191779493957,"0.00,0.97,0.01,0.02,0.00,0.00,0.00"
481,10350.462138932753,-3.081656284139017e-06,"0.00,0.98,0.01,0.02,0.00,0.00,0.00"
482,10350.000581710841,-4.4593903838521284e-05,"0.00,0.97,0.01,0.02,0.00,0.00,0.00"
483,10032.1020421309,-0.031196420412722626,"0.00,0.98,0.00,0.01,0.00,0.00,0.00"
484,10219.24494634976,0.018482546538780738,"0.00,0.98,0.01,0.01,0.00,0.00,0.00"
485,10008.58304345153,-0.020829672834724863,"0.00,0.98,0.00,0.01,0.00,0.00,0.00"
486,9839.606690875407,-0.017027289380824116,"0.00,0.98,0.01,0.02,0.00,0.00,0.00"
487,9803.860231260558,-0.003639530558960137,"0.00,0.98,0.01,0.01,0.00,0.00,0.00"
488,9803.834386904999,-2.636144234529197e-06,"0.00,0.98,0.01,0.01,0.00,0.00,0.00"
489,9803.49002448643,-3.5125895953981545e-05,"0.00,0.98,0.01,0.01,0.00,0.00,0.00"
490,9803.214436021903,-2.8111655898188463e-05,"0.00,0.99,0.00,0.01,0.00,0.00,0.00"
491,9764.124072632525,-0.003995475968765829,"0.00,0.98,0.01,0.01,0.00,0.00,0.00"
492,9717.90011539328,-0.004745301980115459,"0.00,0.98,0.00,0.01,0.00,0.00,0.00"
493,9766.089507095337,0.004946573150184631,"0.00,0.99,0.00,0.01,0.00,0.00,0.00"
494,9588.642631114557,-0.018336791924241435,"0.00,0.99,0.00,0.01,0.00,0.00,0.00"
495,9588.618052292275,-2.5633298402323377e-06,"0.00,0.99,0.00,0.01,0.00,0.00,0.00"
496,9588.537518535915,-8.39892611413426e-06,"0.00,0.99,0.00,0.01,0.00,0.00,0.00"
497,9489.48434752582,-0.01038410185035491,"0.00,0.99,0.00,0.01,0.00,0.00,0.00"
498,9833.388831453954,0.03559934379687377,"0.00,0.99,0.00,0.01,0.00,0.00,0.00"
499,9991.926127690993,0.015993761112118983,"0.00,0.99,0.00,0.01,0.00,0.00,0.00"
500,10128.862422790422,0.013611634455264598,"0.00,0.98,0.01,0.01,0.00,0.00,0.00"
501,10407.737677296667,0.027160522837579006,"0.00,0.97,0.01,0.02,0.00,0.00,0.00"
502,10407.241134568447,-4.771013536000404e-05,"0.00,0.95,0.02,0.03,0.00,0.00,0.00"
503,10406.987510298432,-2.437027807813071e-05,"0.00,0.96,0.01,0.02,0.00,0.00,0.00"
504,10524.846098176957,0.011261300430598043,"0.00,0.97,0.01,0.02,0.00,0.00,0.00"
505,10614.52202567054,0.008484308982161546,"0.00,0.95,0.02,0.03,0.00,0.00,0.00"
506,10579.312160404697,-0.003322654820254099,"0.00,0.93,0.03,0.04,0.00,0.00,0.00"
507,10570.1451226773,-0.0008668816583585577,"0.00,0.97,0.01,0.02,0.00,0.00,0.00"
508,10503.099601310947,-0.006363115738736669,"0.00,0.96,0.01,0.02,0.00,0.00,0.00"
509,10502.7653586496,-3.1823746559516806e-05,"0.00,0.96,0.01,0.02,0.00,0.00,0.00"
510,10501.939697484018,-7.861678264939314e-05,"0.00,0.95,0.02,0.03,0.00,0.00,0.00"
511,10570.817915741545,0.00653720455712233,"0.00,0.97,0.01,0.02,0.00,0.00,0.00"
512,10817.999219393478,0.023114163537855306,"0.00,0.98,0.01,0.01,0.00,0.00,0.00"
513,10777.686314192975,-0.0037334264719519374,"0.00,0.98,0.01,0.02,0.00,0.00,0.00"
514,10861.23912350356,0.00772249294786839,"0.00,0.97,0.01,0.02,0.00,0.00,0.00"
515,10825.839291618107,-0.0032646041709936506,"0.00,0.98,0.01,0.01,0.00,0.00,0.00"
516,10825.65637863762,-1.6896105772837973e-05,"0.00,0.98,0.01,0.01,0.00,0.00,0.00"
517,10825.29176360788,-3.368120669619272e-05,"0.00,0.98,0.01,0.01,0.00,0.00,0.00"
518,10817.37161633078,-0.0007319013830798603,"0.00,0.98,0.00,0.01,0.00,0.00,0.00"
519,10651.53786489101,-0.015449042710547076,"0.00,0.97,0.01,0.02,0.00,0.00,0.00"
520,10876.716101023861,0.02092008472831757,"0.00,0.99,0.00,0.01,0.00,0.00,0.00"
521,10873.666365083234,-0.0002804305593583239,"0.00,0.98,0.01,0.01,0.00,0.00,0.00"
522,10774.997285456213,-0.00911555229893836,"0.00,0.98,0.01,0.01,0.00,0.00,0.00"
523,10774.834179681236,-1.5137545297625431e-05,"0.00,0.98,0.01,0.02,0.00,0.00,0.00"
524,10774.690702453865,-1.3316045542393163e-05,"0.00,0.97,0.01,0.02,0.00,0.00,0.00"
525,10970.556014362992,0.0180150275256446,"0.00,0.98,0.01,0.02,0.00,0.00,0.00"
526,11032.71730223058,0.00565020052669481,"0.00,0.98,0.00,0.01,0.00,0.00,0.00"
527,11116.489294967467,0.0075643695695812,"0.00,0.98,0.01,0.01,0.00,0.00,0.00"
528,11116.379129192348,-9.91017200467403e-06,"0.00,0.97,0.01,0.02,0.00,0.00,0.00"
529,11107.842999160484,-0.0007681826074570227,"0.00,0.97,0.01,0.02,0.00,0.00,0.00"
530,11107.422818011608,-3.782814505883877e-05,"0.00,0.98,0.01,0.01,0.00,0.00,0.00"
531,11107.18619207761,-2.1303632568978663e-05,"0.00,0.99,0.00,0.01,0.00,0.00,0.00"
532,10889.598821432492,-0.019784206438233174,"0.00,0.98,0.00,0.01,0.00,0.00,0.00"
533,10952.001838113383,0.005714158723994964,"0.00,0.98,0.01,0.01,0.00,0.00,0.00"
534,11063.97703502571,0.010172262892152392,"0.00,0.99,0.00,0.01,0.00,0.00,0.00"
535,10982.200129064378,-0.007418726649860709,"0.00,0.99,0.00,0.01,0.00,0.00,0.00"
536,11063.268769624998,0.007354709156928693,"0.00,0.99,0.00,0.01,0.00,0.00,0.00"
537,11062.836573684026,-3.906660791137401e-05,"0.00,0.99,0.00,0.01,0.00,0.00,0.00"
538,11062.71697962578,-1.081049185581538e-05,"0.00,0.99,0.00,0.01,0.00,0.00,0.00"
539,11165.770680495094,0.009272285256933637,"0.00,0.99,0.00,0.01,0.00,0.00,0.00"
540,11127.325875250626,-0.0034490357370905293,"0.00,0.99,0.00,0.01,0.00,0.00,0.00"
541,11062.861532844368,-0.0058101829038891975,"0.00,0.99,0.00,0.01,0.00,0.00,0.00"
542,11190.553765317707,0.01147631788146655,"0.00,0.99,0.00,0.01,0.00,0.00,0.00"
543,11011.88703839663,-0.016094679434915975,"0.00,0.99,0.00,0.01,0.00,0.00,0.00"
544,11011.6591853722,-2.0691765269981515e-05,"0.00,0.98,0.01,0.01,0.00,0.00,0.00"
545,11011.55278351315,-9.662701262659947e-06,"0.00,0.98,0.00,0.01,0.00,0.00,0.00"
546,11261.903662837403,0.022480697901815443,"0.00,0.98,0.01,0.01,0.00,0.00,0.00"
547,11353.257024923247,0.008078992692883346,"0.00,0.99,0.00,0.01,0.00,0.00,0.00"
548,11351.297793146276,-0.0001725849106078324,"0.00,0.98,0.00,0.01,0.00,0.00,0.00"
549,11255.640253997692,-0.008462721474779531,"0.00,0.97,0.01,0.02,0.00,0.00,0.00"
550,11284.776496988183,0.002585245831080607,"0.00,0.98,0.01,0.01,0.00,0.00,0.00"
551,11284.2864801851,-4.342376142567337e-05,"0.00,0.97,0.01,0.02,0.00,0.00,0.00"
552,11283.87097239225,-3.6822482630182056e-05,"0.00,0.98,0.01,0.01,0.00,0.00,0.00"
553,11391.465530853227,0.009490078875420182,"0.00,0.97,0.01,0.02,0.00,0.00,0.00"
554,11344.430291478544,-0.004137537121276712,"0.00,0.99,0.00,0.01,0.00,0.00,0.00"
555,11552.646560805746,0.018187649917446973,"0.00,0.97,0.01,0.02,0.00,0.00,0.00"
556,11307.520811093387,-0.021446487346768052,"0.00,0.96,0.01,0.03,0.00,0.00,0.00"
557,11069.184054932399,-0.021303026607155304,"0.00,0.98,0.01,0.01,0.00,0.00,0.00"
558,11069.091739456113,-8.33989757320732e-06,"0.00,0.98,0.01,0.02,0.00,0.00,0.00"
559,11068.999823150107,-8.303905126309376e-06,"0.00,0.98,0.01,0.02,0.00,0.00,0.00"
560,10495.535837450405,-0.053198384006453915,"0.00,0.98,0.01,0.02,0.00,0.00,0.00"
561,10693.561026787407,0.01869177871226884,"0.00,0.98,0.01,0.02,0.00,0.00,0.00"
562,10802.747600320283,0.010158722078894502,"0.00,0.98,0.00,0.01,0.00,0.00,0.00"
563,11033.468895804022,0.02113277105703809,"0.00,0.97,0.01,0.02,0.00,0.00,0.00"
564,10908.251190425532,-0.011413787458174906,"0.00,0.97,0.01,0.02,0.00,0.00,0.00"
565,10907.63454679446,-5.653161541679948e-05,"0.00,0.96,0.01,0.02,0.00,0.00,0.00"
566,10907.586308489186,-4.422444823610063e-06,"0.00,0.98,0.01,0.02,0.00,0.00,0.00"
567,10880.779435673488,-0.002460660579726579,"0.00,0.98,0.01,0.02,0.00,0.00,0.00"
568,11326.91980157998,0.040184297735652526,"0.00,0.98,0.01,0.01,0.00,0.00,0.00"
569,10993.128078971373,-0.029911818419749055,"0.00,0.97,0.01,0.02,0.00,0.00,0.00"
570,10939.216567487269,-0.004916174803411163,"0.00,0.99,0.00,0.01,0.00,0.00,0.00"
571,11193.578465173288,0.022986079865970652,"0.00,0.99,0.00,0.01,0.00,0.00,0.00"
572,11193.324642058144,-2.267603642539081e-05,"0.00,0.98,0.01,0.01,0.00,0.00,0.00"
573,11192.873546874143,-4.0301187388277807e-05,"0.00,0.98,0.00,0.01,0.00,0.00,0.00"
574,11400.24819145648,0.01835784101915595,"0.00,0.99,0.00,0.01,0.00,0.00,0.00"
575,11398.250591539416,-0.00017523960162372547,"0.00,0.99,0.00,0.01,0.00,0.00,0.00"
576,11524.687273933872,0.011031567189588153,"0.00,0.99,0.00,0.01,0.00,0.00,0.00"
577,11510.760289085298,-0.001209178723997145,"0.00,0.98,0.00,0.01,0.00,0.00,0.00"
578,10983.519262828622,-0.046886374740322076,"0.00,0.98,0.01,0.01,0.00,0.00,0.00"
579,10983.465286401202,-4.91432288300033e-06,"0.00,0.99,0.00,0.01,0.00,0.00,0.00"
580,10983.266647737724,-1.8085408797168724e-05,"0.00,0.99,0.00,0.01,0.00,0.00,0.00"
581,11187.207592173703,0.018398045511170562,"0.00,0.98,0.00,0.01,0.00,0.00,0.00"
582,11061.279959475401,-0.011320228144022615,"0.00,0.98,0.00,0.01,0.00,0.00,0.00"
583,11135.465558541731,0.006684392108780761,"0.00,0.99,0.00,0.01,0.00,0.00,0.00"
584,11324.749948608596,0.016855481320531947,"0.00,0.99,0.00,0.01,0.00,0.00,0.00"
585,11304.00337204242,-0.0018336478448593584,"0.00,0.99,0.00,0.01,0.00,0.00,0.00"
586,11303.521599317344,-4.2620563352961647e-05,"0.00,0.98,0.01,0.01,0.00,0.00,0.00"
587,11303.335174478867,-1.6492769459020572e-05,"0.00,0.99,0.00,0.01,0.00,0.00,0.00"
588,11303.328873242988,-5.574671136467388e-07,"0.00,0.99,0.00,0.01,0.00,0.00,0.00"
589,11143.063061734003,-0.014280115524762238,"0.00,0.99,0.00,0.01,0.00,0.00,0.00"
590,11329.920716699433,0.01662992000922408,"0.00,0.99,0.00,0.01,0.00,0.00,0.00"
591,11554.508785326936,0.019628654444878525,"0.00,0.99,0.00,0.01,0.00,0.00,0.00"
592,11554.938329570821,3.717477461050648e-05,"0.00,0.99,0.00,0.01,0.00,0.00,0.00"
593,11554.727341530961,-1.8259722392290622e-05,"0.00,0.99,0.00,0.01,0.00,0.00,0.00"
594,11554.68172471759,-3.947899597191066e-06,"0.00,0.99,0.00,0.01,0.00,0.00,0.00"
595,11602.095000339568,0.004094986313566901,"0.00,0.99,0.00,0.01,0.00,0.00,0.00"
596,11739.015076479676,0.011732230919520373,"0.00,0.99,0.00,0.00,0.00,0.00,0.00"
597,12107.450825343445,0.03090311758071376,"0.00,0.99,0.00,0.01,0.00,0.00,0.00"
598,12082.7709595629,-0.002040483511315195,"0.00,0.99,0.00,0.01,0.00,0.00,0.00"
599,11849.91970067265,-0.01945945902830567,"0.00,0.98,0.01,0.01,0.00,0.00,0.00"
600,11849.612944538636,-2.5887104072800048e-05,"0.00,0.98,0.00,0.01,0.00,0.00,0.00"
601,11849.535877330227,-6.503795472950649e-06,"0.00,0.98,0.01,0.01,0.00,0.00,0.00"
602,11902.163713006565,0.00443150786770002,"0.00,0.98,0.01,0.01,0.00,0.00,0.00"
603,11949.44222825221,0.0039643936163295075,"0.00,0.98,0.01,0.02,0.00,0.00,0.00"
604,12056.110296667795,0.008887008149297517,"0.00,0.98,0.01,0.01,0.00,0.00,0.00"
605,11958.89997456054,-0.008095841056118346,"0.00,0.97,0.01,0.02,0.00,0.00,0.00"
606,11792.810608169937,-0.013985693624444795,"0.00,0.98,0.01,0.02,0.00,0.00,0.00"
607,11792.244878569261,-4.797356538777738e-05,"0.00,0.97,0.01,0.02,0.00,0.00,0.00"
608,11792.084249944153,-1.3621640389649902e-05,"0.00,0.98,0.00,0.01,0.00,0.00,0.00"
609,11838.640754134753,0.003940341603572278,"0.00,0.98,0.01,0.01,0.00,0.00,0.00"
610,11784.361987063621,-0.004595424484092858,"0.00,0.98,0.00,0.01,0.00,0.00,0.00"
611,11960.354806323065,0.014824016952423346,"0.00,0.98,0.00,0.01,0.00,0.00,0.00"
612,11900.713763391332,-0.00499903572731299,"0.00,0.99,0.00,0.01,0.00,0.00,0.00"
613,11814.132211424738,-0.007301918532767675,"0.00,0.99,0.00,0.01,0.00,0.00,0.00"
614,11813.968462364159,-1.3860535202748266e-05,"0.00,0.99,0.00,0.01,0.00,0.00,0.00"
615,11813.804337193124,-1.38925638425103e-05,"0.00,0.99,0.00,0.01,0.00,0.00,0.00"
616,12100.416879254586,0.023971198036313764,"0.00,0.99,0.00,0.01,0.00,0.00,0.00"
617,12135.434899378984,0.002889772128764887,"0.00,0.99,0.00,0.01,0.00,0.00,0.00"
618,11828.014185501203,-0.025658875664135054,"0.00,0.99,0.00,0.01,0.00,0.00,0.00"
619,11932.353861300295,0.008782721403123092,"0.00,0.99,0.00,0.01,0.00,0.00,0.00"
620,12267.350015381324,0.027687740022885623,"0.00,0.99,0.00,0.01,0.00,0.00,0.00"
621,12264.54449381169,-0.00022872441268755871,"0.00,0.99,0.00,0.01,0.00,0.00,0.00"
622,12261.904653625068,-0.00021526476832802209,"0.00,0.94,0.02,0.03,0.00,0.00,0.00"
623,12267.972349866104,0.0004947188576548808,"0.00,0.98,0.00,0.01,0.00,0.00,0.00"
624,12123.185614097714,-0.01187220685550704,"0.00,0.96,0.01,0.03,0.00,0.00,0.00"
625,12267.604452345111,0.011842217952129247,"0.00,0.94,0.02,0.03,0.00,0.00,0.00"
626,12414.5786698934,0.011909477698821721,"0.00,0.94,0.02,0.03,0.00,0.00,0.00"
627,12738.641582124052,0.02576853704924623,"0.00,0.96,0.01,0.02,0.00,0.00,0.00"
628,12737.613535352011,-8.070627082809306e-05,"0.00,0.96,0.01,0.02,0.00,0.00,0.00"
629,12737.21328558154,-3.142315928716672e-05,"0.00,0.98,0.01,0.02,0.00,0.00,0.00"
630,12718.352207117918,-0.001481882767096444,"0.00,0.97,0.01,0.02,0.00,0.00,0.00"
631,12686.401907243795,-0.002515302181269782,"0.00,0.98,0.00,0.01,0.00,0.00,0.00"
632,12635.525742951882,-0.004018353851534708,"0.00,0.99,0.00,0.01,0.00,0.00,0.00"
633,12692.300461936142,0.004483196751124626,"0.00,0.99,0.00,0.01,0.00,0.00,0.00"
634,12749.30637138966,0.004481321107386915,"0.00,0.99,0.00,0.01,0.00,0.00,0.00"
635,12748.730620957207,-4.5160373147489566e-05,"0.00,0.99,0.00,0.01,0.00,0.00,0.00"
636,12748.628567658596,-8.005009291842293e-06,"0.00,1.00,0.00,0.00,0.00,0.00,0.00"
637,12962.335789831901,0.0166242028832419,"0.00,1.00,0.00,0.00,0.00,0.00,0.00"
638,12933.123342356435,-0.002256183967867245,"0.00,0.99,0.00,0.01,0.00,0.00,0.00"
639,13106.511620460884,0.0133174555592284,"0.00,1.00,0.00,0.00,0.00,0.00,0.00"
640,13127.442223069902,0.0015956883339063956,"0.00,1.00,0.00,0.00,0.00,0.00,0.00"
641,13286.253194884735,0.012025041024423101,"0.00,1.00,0.00,0.00,0.00,0.00,0.00"
642,13286.104191959532,-1.1214881919320809e-05,"0.00,0.99,0.00,0.01,0.00,0.00,0.00"
643,13284.304295519689,-0.00013548127748544251,"0.00,0.99,0.00,0.00,0.00,0.00,0.00"
644,13415.833642879781,0.009852414367700598,"0.00,0.97,0.01,0.02,0.00,0.00,0.00"
645,13119.47617154511,-0.0223377677698451,"0.00,0.99,0.00,0.01,0.00,0.00,0.00"
646,13116.746483580495,-0.00020808544052593425,"0.00,0.98,0.01,0.01,0.00,0.00,0.00"
647,13405.492614868934,0.021774748275150944,"0.00,0.99,0.00,0.01,0.00,0.00,0.00"
648,13780.628407183456,0.027599347785035866,"0.00,0.99,0.00,0.01,0.00,0.00,0.00"
649,13779.732341587027,-6.502567980974395e-05,"0.00,0.97,0.01,0.02,0.00,0.00,0.00"
650,13779.650792352524,-5.918074008177743e-06,"0.00,0.99,0.00,0.01,0.00,0.00,0.00"
651,13867.140024812343,0.006329090785791877,"0.00,0.99,0.00,0.01,0.00,0.00,0.00"
652,13849.706010552916,-0.0012580086880315375,"0.00,0.99,0.00,0.01,0.00,0.00,0.00"
653,13853.416164736898,0.0002678509795891463,"0.00,0.99,0.00,0.01,0.00,0.00,0.00"
654,13966.664111964246,0.008141498632943273,"0.00,0.98,0.00,0.01,0.00,0.00,0.00"
655,14003.70224374288,0.002648385291506306,"0.00,0.99,0.00,0.01,0.00,0.00,0.00"
656,14003.544556574938,-1.1260454772240483e-05,"0.00,0.98,0.00,0.01,0.00,0.00,0.00"
657,14003.345449925506,-1.4218404784666327e-05,"0.00,0.98,0.00,0.01,0.00,0.00,0.00"
658,14111.107920850656,0.007666021263236148,"0.00,0.99,0.00,0.01,0.00,0.00,0.00"
659,14096.916546069662,-0.00100619424766499,"0.00,0.99,0.00,0.01,0.00,0.00,0.00"
660,14230.81869419931,0.009453854626115858,"0.00,0.99,0.00,0.01,0.00,0.00,0.00"
661,14130.189235085754,-0.007096354379061181,"0.00,0.99,0.00,0.01,0.00,0.00,0.00"
662,14297.968521874072,0.011803876726490074,"0.00,0.99,0.00,0.01,0.00,0.00,0.00"
663,14297.715070885584,-1.7726520694833942e-05,"0.00,0.99,0.00,0.01,0.00,0.00,0.00"
664,14297.61366650778,-7.0923736346616445e-06,"0.00,0.99,0.00,0.01,0.00,0.00,0.00"
665,14366.675077796495,0.004818647030446928,"0.00,0.99,0.00,0.01,0.00,0.00,0.00"
666,14324.447900865585,-0.002943572996603923,"0.00,0.99,0.00,0.01,0.00,0.00,0.00"
667,14159.285180567029,-0.011597115513328773,"0.00,0.99,0.00,0.01,0.00,0.00,0.00"
668,14096.15666207501,-0.004468422322544818,"0.00,0.99,0.00,0.01,0.00,0.00,0.00"
669,14087.056354301722,-0.0006457963529053778,"0.00,0.99,0.00,0.01,0.00,0.00,0.00"
670,14086.664065300078,-2.784786643912327e-05,"0.00,0.99,0.00,0.01,0.00,0.00,0.00"
671,14086.650518704291,-9.61661486098024e-07,"0.00,0.99,0.00,0.01,0.00,0.00,0.00"
672,14331.411823116183,0.017226181996816487,"0.00,0.99,0.00,0.01,0.00,0.00,0.00"
673,14223.803655558124,-0.0075368842532276045,"0.00,0.99,0.00,0.01,0.00,0.00,0.00"
674,14412.81068270559,0.013200566905335014,"0.00,0.99,0.00,0.01,0.00,0.00,0.00"
675,14412.290525649027,-3.609056237898383e-05,"0.00,0.99,0.00,0.01,0.00,0.00,0.00"
676,14377.24607610236,-0.002434528025946551,"0.00,0.98,0.01,0.01,0.00,0.00,0.00"
677,14375.960660993967,-8.941020881609805e-05,"0.00,0.97,0.01,0.02,0.00,0.00,0.00"
678,14375.795681970909,-1.1476100527072492e-05,"0.00,0.99,0.00,0.01,0.00,0.00,0.00"
679,14214.038460416295,-0.0113158367274798,"0.00,0.99,0.00,0.01,0.00,0.00,0.00"
680,13959.744121760852,-0.018052332433878483,"0.00,0.99,0.00,0.01,0.00,0.00,0.00"
681,14081.268424763884,0.0086676658788962,"0.00,0.99,0.00,0.01,0.00,0.00,0.00"
682,14287.305515663304,0.014525983167859904,"0.00,0.99,0.00,0.01,0.00,0.00,0.00"
683,14555.068045338336,0.018567835409429474,"0.00,0.99,0.00,0.01,0.00,0.00,0.00"
684,14554.938991810335,-8.86660919300988e-06,"0.00,0.99,0.00,0.01,0.00,0.00,0.00"
685,14554.85591431439,-5.707872296159397e-06,"0.00,0.99,0.00,0.01,0.00,0.00,0.00"
686,14357.249931474496,-0.013669641424525595,"0.00,0.99,0.00,0.01,0.00,0.00,0.00"
687,14436.09550223213,0.005476665989557986,"0.00,0.99,0.00,0.01,0.00,0.00,0.00"
688,14558.97632107519,0.00847603035916967,"0.00,0.99,0.00,0.01,0.00,0.00,0.00"
689,14593.167639103101,0.0023457165793661816,"0.00,0.98,0.00,0.01,0.00,0.00,0.00"
690,14789.686632542662,0.013376639447573141,"0.00,0.99,0.00,0.01,0.00,0.00,0.00"
691,14789.367100084926,-2.160531980748589e-05,"0.00,0.98,0.00,0.01,0.00,0.00,0.00"
692,14789.351739859327,-1.0385997908351001e-06,"0.00,0.99,0.00,0.01,0.00,0.00,0.00"
693,15039.239652849577,0.01675531746132094,"0.00,0.99,0.00,0.01,0.00,0.00,0.00"
694,15068.71402159913,0.001957913080636206,"0.00,0.99,0.00,0.01,0.00,0.00,0.00"
695,15036.263569576031,-0.0021558205444781563,"0.00,0.99,0.00,0.01,0.00,0.00,0.00"
696,15047.390285200518,0.0007397183989392496,"0.00,0.98,0.00,0.01,0.00,0.00,0.00"
697,15024.424404109077,-0.0015274027053961664,"0.00,0.98,0.01,0.01,0.00,0.00,0.00"
698,15024.36006113396,-4.282567582073856e-06,"0.00,0.97,0.01,0.02,0.00,0.00,0.00"
699,15023.95536711768,-2.6936219920354067e-05,"0.00,0.97,0.01,0.02,0.00,0.00,0.00"
700,15252.677372075133,0.015109101336356581,"0.00,0.98,0.01,0.02,0.00,0.00,0.00"
701,15260.22052485909,0.000494423896615819,"0.00,0.96,0.01,0.02,0.00,0.00,0.00"
702,15259.61160126762,-3.990346926131797e-05,"0.00,0.97,0.01,0.02,0.00,0.00,0.00"
703,15571.920753758775,0.020259767260908165,"0.00,0.96,0.01,0.02,0.00,0.00,0.00"
704,15557.04130865374,-0.0009559873026548373,"0.00,0.97,0.01,0.02,0.00,0.00,0.00"
705,15556.629912050199,-2.6444748396722964e-05,"0.00,0.98,0.01,0.01,0.00,0.00,0.00"
706,15556.37885847401,-1.6138174102416346e-05,"0.00,0.98,0.00,0.01,0.00,0.00,0.00"
707,15646.743424543374,0.005792036955563906,"0.00,0.98,0.00,0.01,0.00,0.00,0.00"
